Group,vNE,vNE_norm
Panel_E,1.8892268244154344,2.4042307851521922
Panel_D,1.2590212843235162,1.6022309718522325
Panel_B,1.0711804754538807,1.3631846860617454
All,0.785792626931962,1.0
Panel_C,0.004530857218361722,0.005765970642982411
Panel_A,0.0004435986528103032,0.0005645238165981319
