G_A,G_B,S_A,S_B,S_AuB,S_ratio,S_boot_mean,CI_low,CI_high
Panel_B,Panel_E,1.0711804754538807,1.8892268244154344,1.913093509660205,0.6462264532802668,0.6575841366240535,0.5802510293805284,0.7723773187914421
Panel_D,Panel_E,1.2590212843235162,1.8892268244154344,1.8901917020978836,0.6003947709364019,0.5988090626985959,0.5581340501764044,0.6312657870531531
Panel_B,Panel_D,1.0711804754538807,1.2590212843235162,1.2376442985829832,0.5311318186888175,0.522557798688059,0.4001851670374649,0.6233183004645516
